Date,Record ID,Approaches to teaching,Assessment,Curriculum,Differentiation,Fun,Not engaged,Problem solving,Resources,Students lack of understanding,Teachers subject knowledge,Technology issues,Terminology
02/01/2017,2,,,,,,1,,,,,,
03/01/2017,4,1,,,,,,,,,,,
03/01/2017,5,,,,,,,,1,,1,,
04/01/2017,6,,,,,,,,1,,,,
04/01/2017,7,,,,,,,,,,,,1
06/01/2017,9,,,,,,,,,,,,1
16/01/2017,11,,,,,,,,1,,,,
20/01/2017,13,,,,,,,,,,,,1
20/01/2017,14,,,,,,,,1,,,,
26/01/2017,16,,,,,,,,,,,,1
27/01/2017,17,1,,,,,,,,,,,
30/01/2017,22,,,1,,,,,,,,,
08/02/2017,25,,,,,,,,,,1,,
09/02/2017,26,,,,,,,,1,,,,
15/02/2017,28,,,1,,,,,,1,,,
16/02/2017,29,,,,1,,1,,,,,,
18/02/2017,30,,,1,,,,,,,,,
20/02/2017,31,,,,,,,,,1,,,
21/02/2017,32,,,,,,,,1,,,,
23/02/2017,33,1,,,,,,,,,,,
25/02/2017,35,1,,,,,,,,,,,
28/02/2017,36,1,,,,,,,,,,,
28/02/2017,37,,,,,,,,1,,,,
01/03/2017,38,,,,,,,,,,,,1
02/03/2017,39,1,,,,,,,,1,,,
03/03/2017,40,,,,,,,,,,,,
03/03/2017,41,,,,,,,,,,,,1
06/03/2017,42,1,,,,,,,,,,,
06/03/2017,43,1,,,1,,,,,,,,
07/03/2017,44,,,,,,,,,,,,
10/03/2017,45,1,,,,,,,,,,,
10/03/2017,46,,,,,,,,,,,,1
12/03/2017,48,1,,,1,,1,,,1,,,
14/03/2017,49,1,,,,,,,,,,,
14/03/2017,50,1,,,1,,,,,,,,
14/03/2017,51,,,,1,,1,,,1,,,
16/03/2017,52,,,,,,,,,,,,1
17/03/2017,53,,,,1,,,,,,,,
17/03/2017,54,,,,,1,,,1,,,,
19/03/2017,55,1,,,,,,,1,,,,
20/03/2017,56,,,,,,,,1,,,,
21/03/2017,57,,,1,,,,,,,,,
21/03/2017,58,,,,1,,1,,,,,,
25/03/2017,59,,,,,,1,,,,,,
26/03/2017,60,,,1,,,,,,,,,
28/03/2017,61,,,,,,,,1,,,,
29/03/2017,62,,,,,,,,1,,,,
04/04/2017,63,,,,,,,,1,,,,
07/04/2017,64,1,,,,,,,,,,,1
11/04/2017,65,,,,,,,,1,,,,
17/04/2017,67,1,,,,,,,,,,,
18/04/2017,68,,,,,,,,,1,,,
20/04/2017,69,1,,,,,,,,,,,
23/04/2017,72,1,,,,,,,1,,,,
24/04/2017,73,1,,,,,,,,,,,
27/04/2017,74,,,,,,,,,,,,1
01/05/2017,76,1,,,1,,,,,,,,
03/05/2017,78,1,,,,,,,,,,,
04/05/2017,79,,,1,,,,,,,,,
06/05/2017,80,,,,,,,,,,,,1
07/05/2017,82,1,,,,,,,,,,,
09/05/2017,83,,1,,,,,,,,,,
09/05/2017,84,1,,,,,,,,,,,
09/05/2017,85,,,1,,,,,,,,,
12/05/2017,86,,1,,,,,,,,,,
13/05/2017,89,,,1,,,,,,1,,,
14/05/2017,90,,,,,,,,,,,,1
15/05/2017,91,1,,,,,,1,,,,,
16/05/2017,92,,,,,,,,,1,,,1
17/05/2017,93,,,,,,1,,,,,,
20/05/2017,95,,,,,,,,1,,,,
21/05/2017,96,,,,,,,,1,,,,
22/05/2017,97,1,,,,,,,,,,,
25/05/2017,98,,,,,,,,,1,,,1
27/05/2017,100,,,,,,,,,,,,1
27/05/2017,101,1,,,,,,,,1,,,
29/05/2017,102,,,,,,,,,,,,
07/06/2017,104,,,,,,1,,,,,,
09/06/2017,106,,,,,,,1,,1,,,
11/06/2017,107,1,,,,,,,,,,,
12/06/2017,108,1,,,,,,,,,,,
13/06/2017,109,,,1,,,,,,,,,
13/06/2017,110,,,1,,,,,,,,,
16/06/2017,111,,,,,,,,1,,,,
17/06/2017,112,1,,,,,,1,,,,,
19/06/2017,114,,,,,,,,,,,,1
21/06/2017,115,,,,,,,,1,,,,
27/06/2017,118,,1,,,,,,,,,,
29/06/2017,119,,,,,,,,1,,,,
30/06/2017,120,,,1,,,,,,,,,
01/07/2017,121,,1,,,,,,,,,,
03/07/2017,122,,,,,,,,1,,,,
03/07/2017,123,,,,,,,1,,1,,,
03/07/2017,124,1,,1,,,,,,,,,
05/07/2017,125,,,1,,,,,,,,,
09/07/2017,127,1,,,1,,,,,,,,
11/07/2017,128,1,,,,,,,,,,,
11/07/2017,129,,,,,,,,,,,,1
13/07/2017,130,1,,,,,,,1,,,,
16/07/2017,133,1,,1,,,,,,,,,
17/07/2017,134,,,1,,,,,,,,,
17/07/2017,135,,,,,,,,1,,,,
21/07/2017,137,,1,,,,,,,,,,
24/07/2017,138,,,1,,,,,,,,,
24/07/2017,139,,,,,1,1,1,,,,,
27/07/2017,141,,1,,,,1,,,,,,
28/07/2017,142,,,,,,,,,,1,,
28/07/2017,143,,1,,,,,,,,,,
28/07/2017,144,1,,,,,,,,,,,
02/08/2017,145,1,,,,,,,,,,,
02/08/2017,146,,,,,,,,,,,,1
07/08/2017,147,1,,,,,,,,,,,
08/08/2017,148,1,,,,,,,,,,,
08/08/2017,149,1,,,,,,,,1,,,
09/08/2017,150,,,,,,,,,,,,1
09/08/2017,151,1,,,,,,,,1,,,1
11/08/2017,155,,,,,,,,,,,,1
13/08/2017,156,1,,,,,,,,,,,
14/08/2017,157,,,,,,,,,,,,1
14/08/2017,158,1,,,,,,,,,,,
16/08/2017,159,,,,,,,,1,,,,
16/08/2017,160,1,,,,,1,,,1,,,
21/08/2017,161,,,1,,,,,,,,,
23/08/2017,163,,,,,,,,,,,,
23/08/2017,164,,,,,,,,,,,,1
23/08/2017,165,,,,,,,,1,,,,
28/08/2017,166,1,,,1,,,,,1,,,
29/08/2017,167,,,,,,,,,,,,1
29/08/2017,168,,,,,,,,1,,,,1
30/08/2017,169,,,1,,,,,,,,,
30/08/2017,171,,,1,,,,,,,,,
05/09/2017,174,1,,,,,,,,1,,,1
06/09/2017,175,,,,,,,,,,,,1
07/09/2017,176,,,,,,,,1,,,,
10/09/2017,177,1,,,,,,,,,,,
11/09/2017,178,,,1,,,,,,,,,
12/09/2017,179,1,,,,,,,,,,,
14/09/2017,180,,,,,,,,1,,,,
16/09/2017,182,1,,,,,,,,,,,
18/09/2017,183,1,,,,,,,,1,,,
19/09/2017,184,1,,,,,,,,,,,
27/09/2017,186,,,,,,,,1,,,,
27/09/2017,187,,,,,,,,,,,1,
29/09/2017,189,,,,,,,,1,,,,
01/10/2017,191,,1,,,,,,,,,,
01/10/2017,192,1,,,,,,,,1,,,
02/10/2017,193,1,,,,,,,1,,,,
02/10/2017,194,1,,,,,,,,1,,,
03/10/2017,195,,,1,,,,,,,,,
03/10/2017,196,1,,,,,,,,1,,,
04/10/2017,197,,,1,,,,,,,,,
04/10/2017,198,,,,,,,,1,,,,
05/10/2017,199,,,1,,,,,,,,,
06/10/2017,200,,,,,,,,1,,,,
07/10/2017,201,,,1,,,,,,,,,
08/10/2017,202,,,1,,,,,,,,,
09/10/2017,203,,,,,,,,1,,,,
11/10/2017,204,,1,,,,,,,,,,
11/10/2017,205,1,,,,,,,,,,,
11/10/2017,206,,1,,,,1,,,,,,
14/10/2017,209,1,,,,,,,,,,,
14/10/2017,210,,,,,,,,,,,,1
16/10/2017,211,1,,,,,,,,,,,
18/10/2017,213,1,,,,,,,,,,,
21/10/2017,214,1,,,,,,,,,,,
22/10/2017,215,,,,,,,,1,,,,
22/10/2017,216,,,,,,,,1,,,,
22/10/2017,217,,,,,,,,1,,,,
22/10/2017,218,1,,,,,,,1,,,,
25/10/2017,219,1,,,,,,,,1,,,
27/10/2017,221,,1,,,,,,,,,,
28/10/2017,224,1,,,,,,,,,,,
29/10/2017,226,1,,,,,,,,,,,
30/10/2017,227,1,,,,,,,,1,,,
02/11/2017,228,1,,,,,,,,,,,
03/11/2017,229,,,,,,,,,,,,
03/11/2017,230,,,,,,,,,,,,1
03/11/2017,231,,,1,,,,,,,,,
03/11/2017,232,1,,,,,1,,,,,,
04/11/2017,234,1,,,,,,1,,,,,
05/11/2017,235,1,,,,,,,,1,,,
06/11/2017,236,,,,,,,,1,,,,
06/11/2017,237,,,,,,,,,,,,1
06/11/2017,238,1,,,,,,,,,,,
08/11/2017,239,,,,,,,,1,,,,
08/11/2017,241,1,,,,,,,,,,,
08/11/2017,242,1,,,,,,,,,1,,
09/11/2017,243,,,1,,,,,,,,,
13/11/2017,244,1,,,,,,,,,,,
13/11/2017,245,1,,,,,,,,1,,,
15/11/2017,246,1,,,1,,1,,,,,,
16/11/2017,247,,,,,,,,1,,,,
20/11/2017,248,1,,,,,,,,,,,
21/11/2017,251,,1,,,,,,,,,,
24/11/2017,252,,,,,,,,1,,,,
26/11/2017,253,,,,,,,,,,,,
27/11/2017,254,1,,,,,,1,,,,,
30/11/2017,256,,,,,,,,,,,,1
01/12/2017,259,1,,,,,,,,,,,
03/12/2017,260,,,,,,,,,,,,1
04/12/2017,262,,,,,,,,,,,1,
04/12/2017,263,,,1,,,,,,,,,
05/12/2017,264,,,,,,1,,,,,,
06/12/2017,265,,,1,,1,,,,,,,
07/12/2017,266,,,,,,,,1,,,,
08/12/2017,268,,,,,,,,1,,,,
09/12/2017,269,,,1,,,,,,,,,
11/12/2017,270,,,,,,,,,,,,1
11/12/2017,271,,,,,,,,1,,,,
13/12/2017,272,,,,,,,,1,,,,
13/12/2017,273,1,,,,,,,,,,,
20/12/2017,277,,1,,,,,,,,,,
22/12/2017,278,1,,,,,,,,,,,
24/12/2017,279,1,,,,,,1,,,,,
25/12/2017,280,,,,,,,,1,,,,
26/12/2017,281,1,,,,,,,,1,,,
27/12/2017,283,,1,,,,,,,,,,
27/12/2017,284,,,1,1,,,,,,,,
30/12/2017,286,,,1,,,,,,,,,
02/01/2018,290,,1,,,,,,,,,,
07/01/2018,292,1,,,,,,,,,,,
08/01/2018,293,1,,,,,,,,,,,
08/01/2018,295,1,,,,,,,,,,,
14/01/2018,296,,,,1,,,,,,,,
15/01/2018,298,1,,,,,,,,1,,,
16/01/2018,299,1,,1,,,,,,,,,
23/01/2018,302,,,,,,,,,,,,
23/01/2018,303,,,,,,,,,,,,1
24/01/2018,304,,,,,,,,,,,,1
24/01/2018,305,,,1,,,,,1,,,,
24/01/2018,306,1,,,,,,,,,1,,
27/01/2018,307,,,,,,,,1,,,,
28/01/2018,308,1,,,,,,,,,,,
29/01/2018,309,,,,,,,,,,,,1
29/01/2018,310,,,1,,,,,,,,,
31/01/2018,311,,,,,,,,,,,,1
07/02/2018,315,,,1,,,,,,,,,
08/02/2018,316,1,,,,,,,,,,,1
09/02/2018,317,1,,,,,,,,1,,,
11/02/2018,319,,,,,,,,1,,,,
11/02/2018,320,,,,,,,,1,,,,
12/02/2018,322,,,1,,,,,,,,,
12/02/2018,323,1,,,,,1,,,1,,,
13/02/2018,324,1,,,,,,1,,1,,,
16/02/2018,326,1,,,,,,,,,,,1
19/02/2018,328,,,,,,,,1,,,,
19/02/2018,329,1,,,,,,,1,,,,
20/02/2018,330,1,,,,,,,,,,,
22/02/2018,331,1,,,,,,,,,,,
22/02/2018,332,,1,,,,,,,,,,
23/02/2018,333,1,,,,,,,,,,,
26/02/2018,334,1,,,,,,,,,,,
26/02/2018,335,,,,,,,,1,,,,
26/02/2018,336,,,,,,,,,,,1,1
27/02/2018,337,,,,,,,,,,,,1
27/02/2018,338,,,1,,,,,,,,,
01/03/2018,339,1,,,,,,,,,,,1
01/03/2018,340,,,,,,,,1,1,,,
02/03/2018,341,,,,,,,,1,,,,
02/03/2018,342,,,1,,,,,,,,,1
03/03/2018,343,1,,,,,,,,1,,,
04/03/2018,345,1,,,,,,,,,,,
04/03/2018,346,1,,,,,1,,,,,,
05/03/2018,347,1,,,,,,,,1,,,
06/03/2018,348,,,,,,,,1,,,,
09/03/2018,351,1,,,,,,,,,,,
13/03/2018,352,1,,,,,,,,,,,
15/03/2018,353,,,,,1,,,1,,,,
16/03/2018,354,,,,,,,,,,,,
16/03/2018,355,,,,,,,,1,,,,
16/03/2018,356,1,,,,,,,,,,,
17/03/2018,358,1,,,,,,,,,,,1
19/03/2018,359,,,,,,,,1,,,,
19/03/2018,360,,,,,,,,,,,,1
19/03/2018,361,,1,,,,1,,,,,,
20/03/2018,362,,,,,,,,1,,,,
20/03/2018,363,,,,,,,,,,,,1
21/03/2018,364,1,,,,,,,,,,,
22/03/2018,365,1,,1,,,,,,,,,
23/03/2018,366,1,,,,,,,,,,,
23/03/2018,367,,,,,,1,,,,,,
23/03/2018,368,1,,,,,,,,,,,
25/03/2018,369,,,,,,,,,,,,1
26/03/2018,370,,,,,,,,1,,,,
28/03/2018,371,,,,,,,,,,,,1
01/04/2018,372,,,1,,,,,,,,,
03/04/2018,373,,,,,,,,1,,,,
04/04/2018,374,,,,,,,,,,,,
04/04/2018,375,,,1,,,,,,,,,
04/04/2018,376,1,,,,,,,,,,,
07/04/2018,377,,,1,,,,,,,,,
10/04/2018,378,,,,,,,,,,,,1
14/04/2018,380,,,,,,,,,,,,1
17/04/2018,384,1,,,,,,,,,,,
17/04/2018,385,,,,,,,,1,,,,
19/04/2018,386,,,,,,,,,,,,1
19/04/2018,387,1,,,,,,,,,,,
20/04/2018,388,,,,,,,,1,,,,
27/04/2018,389,1,,,,,,,,,,,
27/04/2018,390,,1,,,,,,,,,,
30/04/2018,391,1,,,,,,,,,,,1
02/05/2018,392,1,,,,,,,,,,,
02/05/2018,393,1,,,,,,,,,,,
03/05/2018,395,1,,,1,,1,1,,,,,
05/05/2018,396,,1,,,,,,,,,,
07/05/2018,397,1,,,,,,,,,,,
08/05/2018,398,1,,,,,,,,,,,
14/05/2018,400,1,,,,,,,,,,,
14/05/2018,401,,,,,,,,,,,,1
14/05/2018,402,,,,,,,,1,,,,
17/05/2018,403,,,,,,,,1,,,,
17/05/2018,404,1,,1,1,,,,,,,,
18/05/2018,405,,,,,,,,,,,,
18/05/2018,407,,,1,,,,,,,,,
19/05/2018,408,,,1,,,,,,,,,
19/05/2018,409,1,,,,,,,1,,,,
23/05/2018,410,,,1,,,,,,,,,
24/05/2018,411,1,,,,,,,,,,,
25/05/2018,412,,,,,,,,,,,,
26/05/2018,413,1,,,,,,,,1,,,
27/05/2018,414,1,,,,,1,,,,,,
28/05/2018,415,,,,,,,,,,,,1
28/05/2018,416,1,,,,,,,,,,,
31/05/2018,417,1,,1,,,,,,,,,
03/06/2018,418,,,,,,,,1,,,,
03/06/2018,419,,,,,,,,1,,,,
04/06/2018,420,,,,,,,,,,,,1
05/06/2018,421,,,,,,,,1,,,1,
07/06/2018,423,,,,,,,,1,1,,,
07/06/2018,424,,,1,,,,,,,1,,
08/06/2018,426,,,,,1,,,,,,,
10/06/2018,427,1,,,,,,,,,,,
10/06/2018,428,,1,,,1,,,,,,,
13/06/2018,431,1,,,,,,,,,,,1
14/06/2018,432,,,,,,,,,,,,
14/06/2018,433,,,1,,,,,,,,,
17/06/2018,434,1,,,,,,,,,,,
18/06/2018,435,1,,,,,,,1,,,,
18/06/2018,436,1,,,1,,1,,,,,,
19/06/2018,437,,,,,1,,,1,,,,
21/06/2018,439,1,,,1,,,,,1,,,
24/06/2018,440,,,,,,,,1,,,,
25/06/2018,441,,,,,,,,1,,,,
27/06/2018,442,,1,,,,,,,,,,
27/06/2018,443,,,1,,,,,,,,,
28/06/2018,444,,,,,,,,,,,,
28/06/2018,445,,,,,,,,1,,,,
28/06/2018,446,,,,,,,,1,,,,
30/06/2018,448,1,,,,,,,,,,,
02/07/2018,449,,,,,,,,1,,,,
04/07/2018,450,,,,,,,,1,,,,
05/07/2018,451,1,,,,,,,,1,,,
06/07/2018,452,,1,,,,,,,,,,
09/07/2018,454,1,,,,,,,,,,,
13/07/2018,455,1,,,,,,,,,,,
16/07/2018,457,1,,,,,,,,,,,
17/07/2018,458,1,,1,,,,,,,,,
18/07/2018,459,1,,,,,,,,,,,
19/07/2018,460,,,,,,,,,,,,1
19/07/2018,461,,1,,,,,,,,,,
20/07/2018,462,1,,,,,,,,1,,,
25/07/2018,464,,,,,,,,,,,,1
25/07/2018,465,,1,,,,,,1,,,,
26/07/2018,467,,,,1,,,,,,,,
31/07/2018,469,,1,,,,,,,,,,
01/08/2018,470,,,,,,,,1,,,,
02/08/2018,471,,,,,,,,,,,,1
06/08/2018,473,,1,,,,,,,,,,
07/08/2018,474,,,,,,,,1,,,,
08/08/2018,475,,1,,,,,,1,,,,
14/08/2018,478,,,,,,,,,,,,
16/08/2018,479,,1,,,,,,,,,,
16/08/2018,480,1,,,,,1,1,,,,,
22/08/2018,481,1,,,,,,,,,,,
23/08/2018,482,,,,,,,,1,,,,
23/08/2018,483,,,,,,,,1,,,,
23/08/2018,484,,,,,,,,1,,,,
25/08/2018,486,1,,,,,,,,,,,
26/08/2018,487,1,,,,,,,,,,,
27/08/2018,488,,,,,,,,1,,,,
28/08/2018,489,1,,,,,,,,,,,
29/08/2018,491,,,1,,,,,,,,,
30/08/2018,492,1,,,,,,,1,,,,
31/08/2018,493,,1,,,,,,,,,,
01/09/2018,494,,,1,,,,,,,,,
02/09/2018,495,,,1,,,,,,,,,
04/09/2018,496,1,,,,,,,,,,,
06/09/2018,497,,,,,,,,,,,,1
11/09/2018,499,,1,,,,,,1,,,,
13/09/2018,502,,,,,,,,1,,,,
13/09/2018,503,,,1,,,,,,,,,
14/09/2018,505,,,,,,,,,,,,1
14/09/2018,506,,,,,,,,1,,,,
15/09/2018,507,1,,,,,,,,,,,
16/09/2018,508,1,,,,,,,,,,,1
19/09/2018,509,,,,,,,,,,,,1
19/09/2018,510,1,,,,,,,,,,,
19/09/2018,511,,,,,,,,1,,,,
22/09/2018,513,1,,,,,,,,,,,
25/09/2018,515,,,,,,,,,,,,1
26/09/2018,516,,1,,,,,,,,,,
29/09/2018,518,,,1,,,,,,,,,
29/09/2018,519,1,,,,,,,,,,,
01/10/2018,520,,,,,,,,1,,,,
01/10/2018,521,,,1,,,,,,,,,
03/10/2018,522,,,,,,,,,,,,1
04/10/2018,523,,,1,,,,,,,,,
04/10/2018,524,,1,,,,,,,1,,,
07/10/2018,525,,,,,1,,,,,,,
09/10/2018,526,1,,,,,,,,,,,
11/10/2018,527,1,,,,,,,,,,,
12/10/2018,528,1,,,,,,,,,,,1
14/10/2018,529,1,,,,,,,,,,,
14/10/2018,530,1,,,,,,,,1,,,
15/10/2018,531,1,,,,,,,,,,,
16/10/2018,532,1,,,,,,1,,,,,
17/10/2018,533,,,,,,,,,,1,,
22/10/2018,534,,,,,,,,,,,,1
28/10/2018,537,,1,,,,,,,,1,,
29/10/2018,538,1,,,,,,,1,,,,
30/10/2018,539,1,,,,,,,,,,,
30/10/2018,541,1,,,,,,,,,,,
01/11/2018,544,1,,,,,,,,1,,,
02/11/2018,546,,,,,,,,1,,,,
02/11/2018,547,,,,,,,,,,,,1
03/11/2018,548,,,1,,,,,,,,,
03/11/2018,549,,,1,,,,,,,,,
06/11/2018,550,1,,,,,,,,,,,1
07/11/2018,551,1,,,,,,,,,,,
08/11/2018,552,1,,,,,,,,,,,
09/11/2018,553,1,,,,,,,,,,,
09/11/2018,554,1,,,,,,,1,,,,
10/11/2018,555,,,1,,,,,,,,,
12/11/2018,556,1,,,,,,,,,1,,
12/11/2018,557,1,,,1,,,,,,,,
12/11/2018,558,1,,1,,,,,,,,,
15/11/2018,559,,,,,,,,1,,,,
16/11/2018,560,1,,,,1,,,,,,,
18/11/2018,561,,,,,,,,,,,,1
18/11/2018,562,1,,,,,,,,,,,
19/11/2018,563,,,,,,,,1,,,,
21/11/2018,564,,,,,,,,1,,,,
22/11/2018,565,1,,,,,,,,,,,
24/11/2018,566,,1,,,,,,,,,,
26/11/2018,567,1,,,,,,,,,,,
29/11/2018,569,1,,,,,,,1,,,,
30/11/2018,570,1,,1,,,,,,,,,
30/11/2018,571,1,,,,,,,,1,,,
03/12/2018,572,1,,,,,,,,,,,
03/12/2018,573,,,,,,,,,,,,1
03/12/2018,574,1,,,1,,,,,,,,
06/12/2018,575,1,,,,,,,,,,,
07/12/2018,576,,,1,,,,,,,,,
09/12/2018,577,,,,,,,,,,,,1
10/12/2018,578,1,,,,,,,,,,,
10/12/2018,579,,,,,,,,1,,,,
11/12/2018,580,,,1,,,,,,,,,
11/12/2018,581,,,1,,,,,,,,,
11/12/2018,582,,,1,,,,,,,,,
12/12/2018,583,1,,1,,,,,,,,,
15/12/2018,584,,,,,,,,,,,,1
16/12/2018,585,,,1,,,,,,,,,
17/12/2018,586,1,,,,,,,,,,,
17/12/2018,587,1,,,,,,,,,,,
17/12/2018,588,,,,,,,,,,,,1
19/12/2018,589,,,1,,,,,,1,,,
20/12/2018,592,1,,,,,,,1,,,,
21/12/2018,593,,,1,,,,,,,,,
22/12/2018,594,1,,,,,,,,,,,
23/12/2018,595,1,,,,,,,,,,,
23/12/2018,596,,,,,,,,1,,,,
26/12/2018,598,,,,,,,,,,,,
26/12/2018,599,1,,,,,,,1,,,,
27/12/2018,600,1,,,,,,1,,1,,,
28/12/2018,602,,,,,,,,1,,,,
29/12/2018,603,,,,,,1,,,,,,
30/12/2018,604,,1,,,,,,,,,,
30/12/2018,605,,,,,,,,1,,,,
31/12/2018,606,,,,,,,,,,,,1
03/01/2019,607,,,1,,,,,,,,,
03/01/2019,608,1,,,,,,,,,,,
04/01/2019,609,,,,,,,,1,,,,
08/01/2019,611,,,,,,,,,,,,1
11/01/2019,612,1,,,,,,,1,,,,
14/01/2019,613,,1,,,,,,,,,,
18/01/2019,614,,,,,,,,1,,,,
23/01/2019,617,1,,,,,,,1,,,,
24/01/2019,618,,,,,,,,,,,,
24/01/2019,619,,,,,,,,1,,,,
24/01/2019,620,1,,,,,,,,,,,
24/01/2019,621,1,,,1,,,,,,,,
25/01/2019,622,,,,,,,,1,,,,
28/01/2019,625,1,,,,,,,,,,,1
29/01/2019,626,1,,,,,,,,,,,
30/01/2019,627,,,1,,,,,,,,,
31/01/2019,628,,,,,,,,,,,,1
04/02/2019,629,,,,,,,,1,,,,
05/02/2019,630,1,,,,,,,,,,,
05/02/2019,631,,,,,,,,,,,,1
07/02/2019,632,,,,,,,,1,,,,
08/02/2019,633,,1,,,,1,,,,,,
09/02/2019,634,1,,,,,,,,,,,1
11/02/2019,635,1,,,,,,,1,,,,
14/02/2019,639,1,,,,,,,,,1,,
15/02/2019,640,,,,,,,,,,,,
15/02/2019,641,,,,,,,,1,,,,
17/02/2019,642,,,,,,,,,,,,1
18/02/2019,644,,,,,,,,1,,,,
18/02/2019,646,,,1,,,,,,,,,
19/02/2019,647,1,,,,,,,,,,,
20/02/2019,648,1,,,,,,,,,,,
21/02/2019,649,,,,1,,,,,1,,,
25/02/2019,650,,,1,,,,,,,,,
25/02/2019,651,,1,,,,,,,,,,
26/02/2019,653,1,,,,,,,,,,,
26/02/2019,654,1,,,,,,,,,,,1
02/03/2019,655,1,,,,,,,,,,,
02/03/2019,656,,,,1,,,,1,,,,
03/03/2019,657,,,1,,,,,,,,,
06/03/2019,659,1,,1,,,,,,,,,
10/03/2019,660,1,,,,,,,,,,,1
12/03/2019,661,1,,,,,,,,,,,
14/03/2019,662,1,,,,,,,,,,,
16/03/2019,663,1,,,,,,,,,1,,
16/03/2019,664,1,,1,,,,,1,,,,
21/03/2019,666,1,,,,,,,,,1,,
22/03/2019,667,1,,,,,,,,,,,1
25/03/2019,668,1,,,,,,,,,,,
26/03/2019,669,1,,1,,,,,,,,,
27/03/2019,670,,,,,,,,1,,,,
27/03/2019,671,,,,,,,,,,,,1
27/03/2019,672,1,,,,,,,,,,,
28/03/2019,674,,,,,,,,1,,,,
28/03/2019,675,,,,,,,,1,,,,
01/04/2019,679,1,,,,,,,,,,,
02/04/2019,680,1,,,1,,1,,,,,,
04/04/2019,684,,,,,,,,,,,,
07/04/2019,685,1,,,1,,,,,,,,
09/04/2019,686,1,,,,,,,,1,,,
10/04/2019,688,1,,,,,,,,1,,,
15/04/2019,690,,,,,,,,1,,,,
15/04/2019,691,1,,,,,,,,,,,
16/04/2019,383,1,,,,,,,,,,,
17/04/2019,692,1,,,1,,,,,,,,
17/04/2019,693,1,,,,,,,,1,,,
20/04/2019,694,1,,,,,,,,,,,
25/04/2019,696,,,1,,,,,,,,,
26/04/2019,697,1,,,,,,,,,,,
30/04/2019,699,,,,,,,,,,,,
30/04/2019,700,,,1,1,,,,,,,,
01/05/2019,701,,,,,,,,,,,,
01/05/2019,702,,,,,,,,,,,,1
01/05/2019,703,1,,,,,,,,,,,
02/05/2019,704,,,,,,,,,,,,1
02/05/2019,705,1,,,,,,,1,,,,
03/05/2019,706,,,,,,,,,1,,,
03/05/2019,707,,,,,,,,,,,,1
04/05/2019,708,,1,,,,,,,,,,
05/05/2019,709,,,1,,,,,,,,,
05/05/2019,710,,,,,,,,,,,,1
09/05/2019,711,,,1,,,,,,,,,
10/05/2019,712,,1,,,,,,,,,,
10/05/2019,713,1,,,,,,,,,,,
12/05/2019,714,,,,,,,,1,,,,1
16/05/2019,715,,,,,,,,1,,,,
16/05/2019,716,1,,,,,,,,,,,
19/05/2019,718,,,1,,,1,,,,,,
20/05/2019,719,1,,,,,,,,,,,
21/05/2019,720,,,,,,,,,,,,1
27/05/2019,722,1,,,,,,,,,,,
28/05/2019,723,,,,,,,,1,,,,
28/05/2019,724,1,,,,,,,,,,,
29/05/2019,725,1,,,,,,,1,,,,
04/06/2019,729,,,,,,,,,,,,1
07/06/2019,730,1,,,,,,,,,,,1
09/06/2019,731,,,,,,,,,,,,1
18/06/2019,735,,,,,,,,1,,,,
21/06/2019,737,1,,,,,,,,,,,
24/06/2019,739,1,,,,,,,,,,,
25/06/2019,740,1,,,,,,,,,,,
25/06/2019,741,1,,1,,,,,,,,,
26/06/2019,743,,,,,,,,1,,,,
27/06/2019,744,1,,,,,,,1,,,,
02/07/2019,745,1,,,,,,,,,,,
04/07/2019,747,1,,,,,,,,,,,
11/07/2019,750,,,1,,,,,,,,,
15/07/2019,751,,1,,,,,,,,,,
20/07/2019,754,1,,,,,,,,,,,
24/07/2019,755,,,,,,,,,,,,
25/07/2019,757,,,,,,,,1,,,,
29/07/2019,759,,,,,,,,1,,,,
06/08/2019,763,1,,,,,,,,,,,
07/08/2019,765,,1,,,,,,,,,,
13/08/2019,476,1,,,,,,,,,,,
13/08/2019,767,,1,,,,,,,,,,
14/08/2019,768,,,,,,,,,1,,,
15/08/2019,769,1,,,,,,,,1,,,
16/08/2019,770,,,,,,,,,1,,,
17/08/2019,771,,,1,,,,,,,,,
21/08/2019,774,,,1,,,,,,,,,
24/08/2019,775,1,,,,,,,1,,,,
30/08/2019,776,,,,,,,,1,,,,
01/09/2019,777,,,,,,,,,,,,
01/09/2019,778,1,,,,,,,,,,,1
02/09/2019,779,1,,,,,,,,,,,
02/09/2019,781,1,,,,,,,,,,,
02/09/2019,782,1,,,,,,,,,,,
03/09/2019,783,,,,,,,,,,,,1
06/09/2019,784,1,,,,,,,,1,,,
08/09/2019,787,1,,,,,,,1,,,,
09/09/2019,788,1,,,,,,,,,,,
09/09/2019,789,1,,,,,,,,,,,1
12/09/2019,790,,,,,,,,,,,,1
12/09/2019,791,,,,,,,,1,,,,
12/09/2019,793,,,,,,,,,,,,1
13/09/2019,796,,,,,,,,1,,,,
16/09/2019,798,1,,,,,,,1,,,,
17/09/2019,800,,,,,,,,1,,,,
19/09/2019,801,,,,1,,,,,,,,
23/09/2019,803,,,,,,,,1,,,,
24/09/2019,804,1,,,,,,,,,,,
25/09/2019,806,,,,1,,,,,1,,,
27/09/2019,807,1,,,,,,,,,1,,
28/09/2019,809,1,,,,,,,,,,,
30/09/2019,811,,,,,,,,1,1,,,
01/10/2019,812,1,,,,,,,,,,,
02/10/2019,813,1,,,,,,,,,,,
02/10/2019,814,1,,,,,,,,,,,
02/10/2019,816,1,,,,,,,,,1,,
06/10/2019,819,,,,,,,,,,,,1
06/10/2019,820,1,,,,,,,,,,,
06/10/2019,821,1,,,,,,,,,,,1
07/10/2019,823,,,,,,,,1,,,,
09/10/2019,824,1,,,,,,,,,,,
12/10/2019,825,1,,,,,,,,,,,
14/10/2019,826,1,,,,,,,,,,,1
16/10/2019,827,,1,,,,,,,,,,
18/10/2019,828,,,,,,,,,,,,
18/10/2019,829,,1,,,,,,,,,,
22/10/2019,830,,,,,,,,1,,,,
27/10/2019,831,,,,,,,,,,,,1
29/10/2019,832,,,,,,,,1,,,,
29/10/2019,833,,,,,,,,1,,,,
29/10/2019,834,,,1,,,,,,,,,
30/10/2019,836,1,,,1,,1,,,,,,
01/11/2019,838,1,,,,,,,,,,,
03/11/2019,841,1,,,,,,,,1,1,,
05/11/2019,842,,,,,,,,,,,,1
05/11/2019,843,,,,,,,,,,,,1
12/11/2019,844,,,,,,,,1,,,,
14/11/2019,845,,,,,,,,1,,,,
15/11/2019,846,1,,,,,,,,,,,
17/11/2019,847,1,,,,,,,1,,,,
19/11/2019,848,1,,,,,,,,,,,
20/11/2019,850,,,,,,,,1,,,,
21/11/2019,852,,,,,,,,1,,,,
23/11/2019,853,1,,,,,1,,,,,,
24/11/2019,854,,,1,,,,,,,,,
24/11/2019,855,,,,,,,,1,,,,
25/11/2019,858,1,,,,,,,1,,,,
26/11/2019,859,,,,,,,,,,,,1
28/11/2019,860,,,,,,,,1,,,,
28/11/2019,861,,,,,,,,1,,,,
29/11/2019,862,,,,,,,,,,,,1
30/11/2019,863,,,,,,,,,,,,1
30/11/2019,864,1,,,,,,,1,,,,
03/12/2019,866,,,,,,,,,,,,
07/12/2019,867,,,,,,,,1,,,,
09/12/2019,868,1,,,,,,,1,,,,
13/12/2019,869,,,,,,,,1,,,,
16/12/2019,871,,,,,,,,,,,,1
18/12/2019,872,,,,,,,,,,,,1
22/12/2019,874,,,,,,,,1,,,,
23/12/2019,875,,,,,,,,,,,,1
24/12/2019,876,1,,,,,,,,,,,
26/12/2019,878,1,,,,,,,,,,,
27/12/2019,879,1,,,,,,,,,,,
02/01/2020,881,1,,,,,,,,,,,
04/01/2020,883,1,,,,1,,,,,,,
06/01/2020,885,1,,1,,,,,,,,,
07/01/2020,887,1,,,,,,,,,,,1
09/01/2020,889,,,,,,,,,,,,1
09/01/2020,890,,,1,,,,,,,,,
14/01/2020,891,1,,,,,,,,,,,
15/01/2020,892,,1,,,,,,,,,,
15/01/2020,893,1,,,,,,,1,,,,
16/01/2020,894,,,,,,,,,,,,1
17/01/2020,895,1,,,,,,,,,,,
19/01/2020,899,,,,,,,,1,,,,
21/01/2020,900,,,1,,,,,1,,,,
22/01/2020,901,,,,,,,,1,1,,,
31/01/2020,905,,,,,,,,,,,,
04/02/2020,906,,,,,,,,1,,,,
05/02/2020,907,,,,,,,,,,,,1
07/02/2020,910,,,,,,,,,,,,1
09/02/2020,911,1,,,,,,,,1,,,
09/02/2020,912,,,1,,,,,1,,,,
12/02/2020,914,1,,,,,1,,,,,,
14/02/2020,915,1,,,,,,,,,,,
14/02/2020,916,,,,,,,,,,,,1
14/02/2020,917,1,,,1,,,,,1,,,
17/02/2020,919,1,,,,,,,,,,,
17/02/2020,920,,,,,,,,1,1,,,
17/02/2020,921,1,,,,,,,,,1,,
18/02/2020,922,,1,,,,,,,,,,
18/02/2020,924,,,,,,,,,,,,1
18/02/2020,925,1,,,,,,,1,,,,
23/02/2020,926,,,,,,,,,,,,1
23/02/2020,927,,,1,,,,,,,,,
24/02/2020,928,,,,,,,,,1,,,
24/02/2020,929,1,,,,,,,,1,,,
24/02/2020,930,1,,,,,,1,,1,1,,
25/02/2020,931,1,,,,,,,,,,,
26/02/2020,933,1,,,,,,,,,,,
28/02/2020,935,,,,,,,,,,,,1
02/03/2020,937,,,1,,,,,1,,,,
05/03/2020,940,,,1,,,,,1,,,,
09/03/2020,942,1,,,,,,,,,,,
10/03/2020,943,1,,,,,,,1,,,,
12/03/2020,944,,,,,,,,1,,,,
14/03/2020,945,,,,,,,,1,,,,
15/03/2020,948,,,,,,,,1,,,1,
17/03/2020,949,,1,,,,,,,,,,
17/03/2020,950,,,,,,,,1,,,1,
17/03/2020,951,1,,,,,1,,,,,,
18/03/2020,952,1,,,,,,,,,,,
18/03/2020,953,,,1,,,,,,,,,
18/03/2020,954,,1,,,,,,,,,,
20/03/2020,955,1,,,,,,,1,,,,
24/03/2020,957,1,,,,,,,1,,,,
29/03/2020,959,1,,,,,,,,,,1,
30/03/2020,960,,,1,,,,,,,,,
31/03/2020,961,,1,,,,,,,,,1,
02/04/2020,962,1,,,,,,,,,,,
05/04/2020,963,1,,,,,,,,,,,
06/04/2020,964,,,,,,,,,,,,1
08/04/2020,966,,1,,,,,,,,,,
13/04/2020,967,,,1,,,,,,,,,
14/04/2020,968,,1,,,,,,,,,,
14/04/2020,969,,,,,,,,1,1,,,
15/04/2020,970,,1,,,,,,,,,,
17/04/2020,971,1,,,,,,,,,,,
22/04/2020,974,,,1,,,,,,,,,
22/04/2020,975,1,1,,,,,,1,,,,
23/04/2020,976,1,,,,,,,,,,,
27/04/2020,981,1,,,,,,,1,,,,
28/04/2020,982,1,,,,,,,,,,,
28/04/2020,983,,1,,,,,,,,,,
29/04/2020,984,1,,,,,,,,,,,
04/05/2020,987,,,,,,,,1,,,,
04/05/2020,988,1,,,,1,,,,,,,
06/05/2020,989,,1,,,,,,,,,,
06/05/2020,990,1,,,,,,,,,,,
07/05/2020,991,,,,,,,,,,,,
07/05/2020,992,,,1,,,,,,,,,
07/05/2020,993,,1,,,,,,,1,,,
08/05/2020,994,1,,,,,,,1,,,,
09/05/2020,995,1,,,,,,,,,,,
13/05/2020,997,,1,,,,1,,,,,,
14/05/2020,998,,,,,1,,,,,,,
15/05/2020,999,1,,,,,,,,,,,
20/05/2020,1003,,,1,,,,,,,,,
21/05/2020,1004,,,,,,,,1,,,,
22/05/2020,1005,,,,,,1,,,1,,,
23/05/2020,1006,,,1,,,,,,,,,
31/05/2020,1008,,1,,,,,,,,,,
01/06/2020,1009,,1,,,,,,,,,,
02/06/2020,1010,1,,1,,,,,,,,,
03/06/2020,1013,,1,,,,,,,,,,
05/06/2020,1015,1,,,,,,,,,,,
07/06/2020,1016,1,,,,,,1,,,,,
08/06/2020,1017,1,,,,,,,,,,,
09/06/2020,1018,,,,,,,,,,,,1
13/06/2020,1021,1,,,,,,,,,,1,
16/06/2020,1022,,,,,,,,1,,,,
18/06/2020,1024,,1,,,,1,,,,,,
20/06/2020,1027,,1,,,,,,,,,,
22/06/2020,1028,,,,,,,,1,,,,
23/06/2020,1029,,,,,,,,,,,,1
23/06/2020,1030,,,,,,,,1,,,,
24/06/2020,1031,,,1,,,,,,,,,
26/06/2020,1032,,,,,,,,,,,,1
29/06/2020,1033,,1,,,,,,,,,,
05/07/2020,1036,1,,,,,,,,,,,
07/07/2020,1037,,1,,,,,,,,,,
07/07/2020,1040,1,,,,,,,,,,,1
09/07/2020,1041,,1,,,,,,,,,,
09/07/2020,1042,1,1,,,,,,,,,,
10/07/2020,1044,,,,,,,,,,,,
11/07/2020,1045,,,,,,,,1,,,,
13/07/2020,1046,1,,,,,,,,,1,,
17/07/2020,1049,1,,,,,,,,,,,
21/07/2020,1051,1,,,,,,,,1,,,
22/07/2020,1052,,,,,,,,1,,,,
24/07/2020,1053,1,,,,,,,,,,,
03/08/2020,1057,,,,,,,,,,,,1
03/08/2020,1058,,,,,,,,,,,,1
04/08/2020,1060,1,,,,,,,,,,1,
05/08/2020,1061,,,,,,,1,,,1,,
05/08/2020,1063,1,,,,,,,1,,,1,
06/08/2020,1064,1,,,,,,,,,,,1
07/08/2020,1066,,1,,,,1,,,,,,
10/08/2020,1067,1,,,,,,,,,,,
13/08/2020,1069,,1,,,,1,,,,,,
14/08/2020,1070,,,1,,,,,,,,,
14/08/2020,1071,,,,,,,,,,,1,
15/08/2020,1072,,,,,,,,1,,,,
20/08/2020,1074,1,,,,,,,,,,,
25/08/2020,1076,1,,,,,,,,,,,
26/08/2020,1077,,1,,,,,,,,,,
26/08/2020,1078,1,,,,,,,,,,,
26/08/2020,1079,1,,,,,,,,,,,1
27/08/2020,1080,1,,,,,,,,,1,,
28/08/2020,1081,,,,,,,,,,,,1
28/08/2020,1082,1,,,,,,,,,,,
29/08/2020,1083,,1,,,,,,,,,,
30/08/2020,1084,,,,,,,,1,,,,
30/08/2020,1085,,,,,,,,1,,,1,
03/09/2020,1086,1,,,,,,,1,,,,
04/09/2020,1088,,1,,,,1,,,,,,
05/09/2020,1089,,1,,,,,,1,,,1,
06/09/2020,1090,,,,,,,,1,,,,
06/09/2020,1092,,,,,,,,1,,,,
07/09/2020,1093,1,,,,,,,,,,,
07/09/2020,1094,,,,1,,,,1,,,,
08/09/2020,1095,,,1,,,,,,,,,
08/09/2020,1096,,,,,,,,,,,,1
08/09/2020,1097,1,,,,,,,,,,,
09/09/2020,1098,1,,,,,,,,,,,
16/09/2020,1106,1,,,,1,,,,,,,
17/09/2020,1107,,,,,,,,1,,,,
17/09/2020,1108,,,1,,,,,,1,,,
18/09/2020,1110,,,,,,,,1,,,,
21/09/2020,1112,1,,,,,,,,,,,1
24/09/2020,1113,1,,,,,,,,,1,,
25/09/2020,1114,1,,1,,,,,,,,,
25/09/2020,1115,1,,,,,,,,,1,,
26/09/2020,1116,,,,,,,,1,,,,
26/09/2020,1117,,,,,,,,1,,,,
28/09/2020,1118,,,1,,,,,,,,,
29/09/2020,1119,,,1,,,,,,,,,
30/09/2020,1120,1,,,,,,,,,,,
30/09/2020,1122,1,,,,,,,1,,,,
30/09/2020,1123,1,,,,,,,,1,,,
01/10/2020,1125,,,1,,,,,1,,,,
01/10/2020,1126,,,,,,,,1,,,1,
04/10/2020,1129,,,,,,,,,,,,1
05/10/2020,1130,,,1,,,,,,,,,
05/10/2020,1131,,,,,,,,1,,,1,
07/10/2020,1132,,,,,,,,,,,,1
07/10/2020,1133,,1,,,,,,,,,,
07/10/2020,1134,1,,1,,,,,,,,,
07/10/2020,1135,,,,,,,,1,,,1,
09/10/2020,1136,1,,,,,,,,,,,
11/10/2020,1137,1,,,,,,,,,,,
12/10/2020,1139,1,,,,,,,,,,,
13/10/2020,1142,,,,,,,,,,,,1
14/10/2020,1143,,,,,,,,1,,,,
20/10/2020,1146,1,,,,,,,,,,,
21/10/2020,1147,,,,,,,,1,,,1,
21/10/2020,1148,1,,,,,,,1,1,,,
22/10/2020,1150,1,,,,,,,,,,,
22/10/2020,1151,1,,,,,,,,,,,
23/10/2020,1153,1,,,,,,,,,,,
24/10/2020,1154,,,,,,,,1,,,,
24/10/2020,1155,1,,,,,,,,,,,1
26/10/2020,1156,,,,,,,,1,,,1,
29/10/2020,1157,1,,,,,1,,,1,,,
30/10/2020,1158,,,,,,,,1,,,,
31/10/2020,1159,,,,,,,,,,,,1
02/11/2020,1160,,,,,,,,,,,,1
02/11/2020,1161,,,1,,,,,,,,,
02/11/2020,1162,,,,,,,,1,,,1,
05/11/2020,1164,1,,,,,,,,,,,
06/11/2020,1165,,,1,,,,,,,,,1
07/11/2020,1166,1,,,,,,,,,,,
10/11/2020,1167,,,,,1,,,1,,,,
10/11/2020,1168,,1,,,,1,,,,,,
10/11/2020,1169,1,,,,,,,,1,,,
15/11/2020,1170,,,,,,,,,,,,1
18/11/2020,1172,,,,,,1,,,,,,
19/11/2020,1173,,,,,,,,,,1,,1
22/11/2020,1175,1,,,,,,,,,,,
26/11/2020,1176,1,,,,,,,,1,,,
27/11/2020,1177,,,1,,,,,,,,,
29/11/2020,1178,1,,,,,,,,,,,
29/11/2020,1179,,1,,,,,,,,,,
01/12/2020,1180,,,,,,,,1,,,,1
04/12/2020,1184,,1,,,,,,,,,,1
09/12/2020,1185,,,,,,,1,1,,,,
11/12/2020,1186,,,,,,,,1,,,,
11/12/2020,1187,,1,,,,,,,,,,
11/12/2020,1188,,,1,,,,,,,,,1
12/12/2020,1189,,,,,,,,1,,,,
12/12/2020,1190,1,1,,,,,,,,,,
18/12/2020,1193,,1,,,,,,1,,,,
19/12/2020,1194,1,,,,,,,,,,,
19/12/2020,1195,,,,,,,,1,,,,
27/12/2020,1196,,1,,,,,,,1,,,
05/01/2021,1197,,1,,,,,,1,,,1,
06/01/2021,1198,,,,,,,,,1,,,1
11/01/2021,1200,1,,,,,,,1,,,,
16/01/2021,1202,,,,,,,,,,,,
16/01/2021,1203,,,1,,,,,,,,,
20/01/2021,1205,1,,,,,,,,,,,1
21/01/2021,1206,1,,,,,,,,,,,
22/01/2021,1207,1,,1,,,,,,,,,
24/01/2021,1209,,,,,,,,,,,,1
27/01/2021,1211,1,,,,,,,,,,,
27/01/2021,1212,1,,,,,,,,,,,
03/02/2021,1213,1,,,,,,,,,,,
04/02/2021,1214,1,,,,,,,,,,,
07/02/2021,1216,1,,,,,,,,,,,
09/02/2021,1218,,,1,,,,,,,,,
09/02/2021,1219,1,,,,,,,,,,,1
12/02/2021,1220,,,,,,,,,,,,1
12/02/2021,1221,1,,,,,,,,,,,
15/02/2021,1222,1,,,,,,,,,,,
16/02/2021,1223,,,,,,,,1,,,,
18/02/2021,1226,,,,,,,,,,,,1
19/02/2021,1227,,,,,,,,1,,,,
19/02/2021,1228,,1,,,,,,,,,,
23/02/2021,1229,,,1,,,,,,,,,
25/02/2021,1230,1,,,,,,,,,,,
26/02/2021,1231,,,1,,,,,,,,,
27/02/2021,1232,,,,,,,,,,,,1
28/02/2021,1234,1,,,1,,,,,,,,
01/03/2021,1236,1,,,,,,,,,,,
01/03/2021,1237,1,,,,,,,,,1,,
03/03/2021,1239,,,1,,,,,,,,,
06/03/2021,1240,,,,,,,,,,,,1
10/03/2021,1243,,,,,,,,1,,,,
11/03/2021,1245,,,1,,,,,,,,1,
12/03/2021,1246,1,,,,,,,,,,,
19/03/2021,1248,1,,,,,,,,,,,
19/03/2021,1249,,,,,,,,1,,,1,
20/03/2021,1250,,,1,,,,,,,,,
20/03/2021,1251,,,1,,,,,,,,,
21/03/2021,1252,,,,,,,,1,,,,
24/03/2021,1254,,,1,,,,,,,,,
25/03/2021,1255,1,,,,,,,,,,,
26/03/2021,1256,,,,,,,,1,,,,
26/03/2021,1257,,1,,,,,,,,,,
29/03/2021,1260,,,,,,,,,,,,1
31/03/2021,1261,,1,,,,,,,,,,
02/04/2021,1262,,,,,,,,,,,,
02/04/2021,1263,1,,,,,,,,,,,1
02/04/2021,1264,1,,,,,,,,1,,,
03/04/2021,1265,,,,,,,,,,,,
04/04/2021,1267,,,,,,,,1,,,,
08/04/2021,1269,1,,,,,,,1,,,,
09/04/2021,1270,,,,,,,,,,,,1
09/04/2021,1271,,1,,,,1,,,,,,
10/04/2021,1273,,,,,,,,,,,,1
11/04/2021,1275,,,,,,,,,,,,
11/04/2021,1276,,,,,,,,,,,,1
12/04/2021,1277,,,,,,,,,,,,1
12/04/2021,1278,,,1,,,,,,,,,
15/04/2021,1279,1,,,,,,,,1,,,
17/04/2021,1282,1,,,,,,,,1,,,
18/04/2021,1283,,,1,,,,,,,,,
19/04/2021,1284,1,,,,,,,,,,,
19/04/2021,1285,1,,,,1,,,,,,,
20/04/2021,1286,,,,,,,,1,,,,
25/04/2021,1289,,,,,,,,,,,,1
25/04/2021,1290,,,,1,,,1,,,,,
26/04/2021,1291,1,,,,,,,,,,,
28/04/2021,1293,1,,,,,,,,,,,
29/04/2021,1294,,,,,,,,,,,,1
30/04/2021,1295,1,,,,,,,,1,,,
30/04/2021,1296,,,1,,,,,,,1,,
01/05/2021,1297,1,,,,,,,,,,,
07/05/2021,1299,,,,,,,,1,,,1,
10/05/2021,1301,1,,,,,,,,,,,
12/05/2021,1302,1,,,,,,,,,,,
14/05/2021,1303,,1,,,,,,,,,,
20/05/2021,1305,1,,,,,1,,,,,,
20/05/2021,1307,,,,,1,,,1,,,,
21/05/2021,1308,,,1,,,,,,,,,
21/05/2021,1309,,,,,,,,1,,,,
21/05/2021,1310,1,,1,,,,,,,,,
22/05/2021,1312,,,,,,,,1,,,,
31/05/2021,1314,1,,,,,,,,,,,
01/06/2021,1315,,,,,,,,,,,,1
01/06/2021,1316,,,,,,,,,,,,1
03/06/2021,1317,1,,,,,,,,,,,
03/06/2021,1318,,,,,,,,,,,,1
03/06/2021,1320,1,,,,,,,,,,,
04/06/2021,1321,,1,,,,,,,,,,
05/06/2021,1323,1,,,,,1,,,,,,
06/06/2021,1324,,1,,,,,,,,,,
07/06/2021,1325,1,,,,,,,,1,,,
10/06/2021,1326,1,,,,,,,,,,,
12/06/2021,1327,1,,,,,,,,,,,
14/06/2021,1328,,,,,,,,1,,,,
15/06/2021,1330,,,,,,,,,,,,1
16/06/2021,1331,1,,,,,,,,,,,
16/06/2021,1332,1,,,,,,,1,,,,
17/06/2021,1333,1,,1,,,,,,,,,
18/06/2021,1334,1,,,,1,1,,,,,,
18/06/2021,1335,1,,,,,,1,,1,,,
19/06/2021,1336,,,,,,,,,,,,1
21/06/2021,1338,1,,,1,,1,,,,,,
22/06/2021,1339,1,,,,,,,,,,,
28/06/2021,1343,1,,,,,,,,,,,
01/07/2021,1344,1,,,,,,,,1,,,
03/07/2021,1345,,,,,,,,1,,,,
07/07/2021,1348,,,,,,,,1,,,,
11/07/2021,1349,,,,,,,,1,,,,
12/07/2021,1350,,,,,,,,1,,,,
14/07/2021,1353,,,,,,,,1,,,,
14/07/2021,1354,,1,,,,,,,,,,
15/07/2021,1355,1,,,,,,,1,,,,
18/07/2021,1356,,1,,,,,,,,,,
19/07/2021,1358,1,,,,,,,,,,,
20/07/2021,1359,,,,,,,,1,,,,
25/07/2021,1361,1,,,,,,,,,,,
28/07/2021,1363,,1,,,,,,,,,,
04/08/2021,1366,1,,,,,,,,,1,,
07/08/2021,1368,,,1,,,,,,1,,,
08/08/2021,1369,1,,1,,,,,,,,,
17/08/2021,1371,,,1,,,,,,,,,
19/08/2021,1372,1,,,,,1,,,1,,,
21/08/2021,1374,1,,,,,,,,,,,
23/08/2021,1376,1,,,,,,,,,,,
24/08/2021,1378,,,,,,,,1,,,,
27/08/2021,1379,1,,,,,,,,,,,
28/08/2021,1380,,,,,,,,,,,,1
28/08/2021,1381,,,,,,,,,,,,1
30/08/2021,1384,1,,,,,,,1,,,,
02/09/2021,1386,1,,,,,,,,1,,,
03/09/2021,1387,,,1,,,,,,,,,
03/09/2021,1388,,,,,,,,1,,,1,
05/09/2021,1390,1,,,,,1,,,1,,,
06/09/2021,1391,,1,,,,,,,,,,
06/09/2021,1392,1,,,,,,,,1,,,
06/09/2021,1393,1,,,,,1,,,,,,
08/09/2021,1394,,,,,,,,,,,,1
08/09/2021,1395,1,,,,,,,,,,,1
09/09/2021,1396,1,,,,,,,,,,,
10/09/2021,1397,,1,,,,,,,,,,
10/09/2021,1398,,,,,,,,1,,,,
11/09/2021,1399,,,,,,,,1,,,,
11/09/2021,1400,1,,,,,,,,1,,,
12/09/2021,1401,,,1,,,,,,,,,
22/09/2021,1403,1,,,,,,,,,,,
25/09/2021,1404,,,,1,,,,,,,,
26/09/2021,1405,1,,,,,,,,,1,,
27/09/2021,1406,1,,,,,,,,,,,
01/10/2021,1407,1,,,,,,,1,,,,
02/10/2021,1409,1,,1,,,,,,,,,
04/10/2021,1410,,,,,,,,,,,,1
04/10/2021,1411,1,,,,,,,,,,,
08/10/2021,1412,,,,,,,,,,,,1
09/10/2021,1413,,,,,,,,1,,,,
13/10/2021,1416,1,,,,,,,,1,,,
14/10/2021,1417,,,,,,1,,,,,,
15/10/2021,1418,,,,,,,,1,,,,
19/10/2021,1419,,,1,,,,,,,,,
19/10/2021,1420,1,,,,,,,,,,,
20/10/2021,1421,,,,,,,,,1,,,
20/10/2021,1423,,1,,,,,,,,,,
21/10/2021,1424,1,,,,,1,,,,,,
23/10/2021,1425,,,1,,,,,,,,,1
27/10/2021,1426,1,,,,,,,,,,,
02/11/2021,1428,1,,,,,,,,,,,
04/11/2021,1429,,,,,,,,,,,,1
08/11/2021,1432,1,,,1,,1,,,1,,,
09/11/2021,1433,,,,,,,,,1,,,
09/11/2021,1434,,,,,,,,1,,,1,
10/11/2021,1435,1,,,,,,,,,,,
12/11/2021,1437,,1,,,,,,,,,,1
12/11/2021,1438,1,,,,,,,,,,1,
14/11/2021,1439,1,,,,,,,,,,,
17/11/2021,1440,1,,1,,,,,,,,,
18/11/2021,1442,,,,,,,,,,,,1
19/11/2021,1443,,,,,,,,1,,,,
19/11/2021,1444,1,1,,,,,,,,,,
21/11/2021,1446,1,,,,,,,,,,,
22/11/2021,1447,,,,,,,,1,,,,
24/11/2021,1449,,,1,,,,,,,,,1
26/11/2021,1450,,,,,,,,,,,,1
26/11/2021,1451,,,,,,,,,,,,1
01/12/2021,1453,1,,,,,1,,,1,,,
03/12/2021,1454,,,,,,,,1,,,,
03/12/2021,1455,,,,,,,,1,,,1,
04/12/2021,1456,,,,,,,,1,,,,
06/12/2021,1457,1,,,,,,,,,,,
06/12/2021,1458,1,,,,,,,,1,,,
09/12/2021,1459,,,,,,,,1,,,,
11/12/2021,1460,1,,,,,,1,,1,,,
17/12/2021,1462,1,,,,,,,,,,,
23/12/2021,1463,1,,,,,,,,,,,
29/12/2021,1464,1,,,,,,,,,,,
29/12/2021,1465,1,,,,,,,,,,,
01/01/2022,1466,1,,,,,,,,,,,
01/01/2022,1468,,1,,,,,,,,,,
03/01/2022,1469,1,,,,,,,,,,,
03/01/2022,1470,1,,,,,,,1,,,,
06/01/2022,1471,,,,,,,,,,,,1
08/01/2022,1474,,,,,,,,1,,,,
10/01/2022,1475,1,,,,,,,,,,,
10/01/2022,1477,1,,,,,,,,1,,,
12/01/2022,1478,,,,,,,,,,,,1
13/01/2022,1480,,,1,,,,,,,,,
18/01/2022,1484,,,,,,,,1,,,,
18/01/2022,1486,,1,,,,,,,,,,
19/01/2022,1487,,,,,,,,1,,,,
24/01/2022,1492,1,,,,,,,,,,,
25/01/2022,1493,1,,,,,,,1,,,,
30/01/2022,1494,1,,,,,,,,,,,
31/01/2022,1495,1,,,,,,,,1,,,
02/02/2022,1496,,,,,1,,,1,,,,
08/02/2022,1497,,,1,,,,,,,,,
08/02/2022,1498,1,,,1,,,,,,,,
09/02/2022,1499,,,,,,,,1,,,,
15/02/2022,1500,,,,,,,,1,,,,
15/02/2022,1501,1,,,,,,,1,,,,
15/02/2022,1502,,,,,,,,1,,,1,
16/02/2022,1503,1,,,,,,,,,,,
16/02/2022,1504,1,,,,,,,,,,,
17/02/2022,1505,1,,,,,,,,1,,,
18/02/2022,1506,1,,,,,,,,,,,
18/02/2022,1507,1,,,,,,,,,,,
18/02/2022,1508,1,,,,,1,,,,,,
19/02/2022,1509,1,,,,,,,,,,,
20/02/2022,1510,,,,,,,,,,,,1
21/02/2022,1512,1,,,,,,,,,,,
21/02/2022,1513,1,,,,,,,,,,,
22/02/2022,1514,,,,,,,,,,,,1
23/02/2022,1515,1,,,,,,,,,,,
23/02/2022,1516,,,,,,,,1,,,,
24/02/2022,1517,1,,,,,,,,,,,
26/02/2022,1519,1,,,,,,,1,,,,
26/02/2022,1520,1,,,,,,,,,,,1
01/03/2022,1521,,1,,,,,,,,,,
02/03/2022,1522,1,,,,,,,,,,,1
08/03/2022,1523,1,,,,,,,,,,,
08/03/2022,1524,1,,,1,,,,,,,,
09/03/2022,1525,,,,,,,,,,,,1
11/03/2022,1526,1,,,,,,,1,,,,
13/03/2022,1527,,1,,,,1,,,,,,
14/03/2022,1528,,1,,,,,,,,,,
15/03/2022,1529,,,1,,,,,,,,,
16/03/2022,1530,,,,,,,,1,,,,
16/03/2022,1531,,,,,1,,,1,,,,
17/03/2022,1532,,,,,,,,1,,,1,
18/03/2022,1533,,,,,,,,1,,,1,
23/03/2022,1534,,,1,,,,,,,,,
24/03/2022,1536,,,,,,,,1,,,,
25/03/2022,1537,1,,,,,,,,,,,
01/04/2022,1538,,,1,,,,,,,,,1
02/04/2022,1539,,,,,,1,,,1,,,
03/04/2022,1540,1,,1,,,,,,,,,
10/04/2022,1542,1,,,,,,,1,,,,
14/04/2022,1543,,,,,,,,,,,,1
20/04/2022,1546,1,,,,,,,,,,,
21/04/2022,1547,,,,,,,,,1,,,1
22/04/2022,1548,1,,,,,,,,,,,
23/04/2022,1549,,,,,,,,,,,,1
25/04/2022,1550,,,,,,,,1,,,,
25/04/2022,1551,1,,,,,,,,1,,,
26/04/2022,1552,,,,,,,,1,,,,
26/04/2022,1554,1,,,,,,,,,,,
27/04/2022,1555,1,,,,,,,,,,,
01/05/2022,1556,,,,,,,,,,,,1
01/05/2022,1557,1,,,,,,,,,,,
02/05/2022,1558,1,,,,,,,,,,,
03/05/2022,1559,1,,,,,,,,,,,
05/05/2022,1560,1,,,,,1,,,,,,
08/05/2022,1561,,,,,,,,1,,,,
12/05/2022,1562,1,,,,,,1,,,,,
18/05/2022,1563,,,,,,,,1,1,,,
19/05/2022,1564,,1,,,,,,,,,,
22/05/2022,1567,1,,,,,,,,,,,
24/05/2022,1568,,,,,,,,,,,1,
28/05/2022,1573,,,,,,,,1,,,1,
01/06/2022,1575,,,,,,,,1,,,,
07/06/2022,1576,,,,,1,,,1,,,,
14/06/2022,1578,,,,,,,,,,,,1
16/06/2022,1579,,,1,,,,,,,,,
16/06/2022,1580,1,,,,,,,,,,,
22/06/2022,1581,1,,,,,,,,,,,
27/06/2022,1582,1,,,,,,1,1,,,,
28/06/2022,1583,,,,,,,,,,,,1
06/07/2022,1585,,,,,,,,,,,,1
07/07/2022,1586,1,,,,,,,,,,,
09/07/2022,1588,,,1,,,,,,,,,
11/07/2022,1589,1,,,,,,,,,,,1
21/07/2022,1593,,,1,,,,,,,,,
21/07/2022,1594,1,,,,,,,,,,,
27/07/2022,1597,,,,,,,,1,,,,
29/07/2022,1598,1,,,,,,,,,1,,
03/08/2022,1601,,,,,,,,1,,,1,
04/08/2022,1602,,,,,,,,,,,,1
08/08/2022,1603,,,,,,,,1,,,,
08/08/2022,1604,,,,,,,,,,,,1
08/08/2022,1605,1,,,,,,1,,,,,
10/08/2022,1607,,,,,,1,,,,,,
11/08/2022,1608,1,,,,,,,,,,,
12/08/2022,1610,1,,,1,,1,,,,,,
14/08/2022,1611,,,,,1,,,1,,,,
15/08/2022,1612,1,,,,,,,,,,,
16/08/2022,1614,,,,,,,,1,,,,
17/08/2022,1615,1,,,,,,,,,,,
19/08/2022,1616,,,1,,,,,,,,,
21/08/2022,1617,1,,,,,,,,,,,
22/08/2022,1618,1,,,,,,,,,,,
24/08/2022,1620,,,,,,,,,,,,1
25/08/2022,1621,,,,,,,,,,,,1
25/08/2022,1622,1,,,,,,,,1,,,
26/08/2022,1623,,,1,,,,,,,,,
26/08/2022,1624,,,,,,,,,,,,1
26/08/2022,1625,1,,,,,,,1,,,,
29/08/2022,1626,,,,,,,,1,,,1,
03/09/2022,1627,1,,,,,,,,,,,
05/09/2022,1628,1,1,,,,,,,,,,
11/09/2022,1630,1,,,,,,,,,,,
13/09/2022,1632,,,,,,,,1,,,,
20/09/2022,1634,,,,,,,,1,,,,
22/09/2022,1635,1,,,,,,,,,,,1
23/09/2022,1636,,,,,,,,,,,,1
02/10/2022,1639,,,,1,,,,1,,,,
06/10/2022,1641,1,,,,,,,,,,,
08/10/2022,1642,,1,,,,,,1,,,,
15/10/2022,1643,,,,,,,,1,,,1,
16/10/2022,1644,,,,,,,,,,,,
18/10/2022,1645,1,,,,,,,,,,,
19/10/2022,1646,1,,,,,,,,,,,1
20/10/2022,1647,1,,,,,,,,,,,
26/10/2022,1648,,,,1,,,,1,1,,,
28/10/2022,1649,,,,,,,,,,,,1
31/10/2022,1651,,,,,,,,,,,,
04/11/2022,1653,,,,,,,,,,,,1
06/11/2022,1656,,,,,,,,1,,,,
06/11/2022,1657,1,,,,,,,,1,,,
10/11/2022,1659,1,,,,,,,,,,,
11/11/2022,1661,,,,,,,,,,,,1
12/11/2022,1662,1,,,,,1,,,,,,
13/11/2022,1663,,,,,,,,1,,,,
13/11/2022,1664,1,,,,,1,,,,,,
14/11/2022,1665,1,,,,,,,,,,,
22/11/2022,1667,1,,,,,,,,,,,
22/11/2022,1668,,,,,,1,,,,,,
23/11/2022,1669,,,1,,,,,,,,,
24/11/2022,1670,1,,,,,,,,,,,
27/11/2022,1672,,,,,,,,1,,,,
28/11/2022,1673,,1,,,,,,,,,,
28/11/2022,1674,,,,,,,,,,,,1
01/12/2022,1675,1,,,,,,,,,,,
06/12/2022,1681,1,,,,,,,,1,,,
07/12/2022,1682,,,,,,,,1,,,,
08/12/2022,1683,,,,,,,,1,,,,
10/12/2022,1684,,,,,,,,1,1,,,
12/12/2022,1686,1,,,,,,,,,,,
19/12/2022,1688,,,,,,,,1,,,,
26/12/2022,1691,1,,,,,,,1,,,,
02/01/2023,1694,,,,,,,,1,1,,,1
04/01/2023,1695,1,,,,,,1,,,,,
07/01/2023,1696,,,,,,,,1,,,,
08/01/2023,1697,,,,,,,,1,,,,1
11/01/2023,1698,,,,,,,,1,,,,
12/01/2023,1699,,,,,,,,,,,,1
13/01/2023,1700,,,,,,,,1,,,,1
20/01/2023,1704,1,,,,,,,,,,,
24/01/2023,1706,,,,,,,,1,,,,
25/01/2023,1707,,,,,,,,1,,,,
25/01/2023,1708,1,,1,,,,,,,,,
25/01/2023,1709,,,,,,,,1,1,,,
26/01/2023,1710,1,,1,,,,,,,,,
27/01/2023,1711,,,,,,,,,,,,
28/01/2023,1712,,,,,,,,,,,,1
29/01/2023,1713,,,1,,,,,,,,,
30/01/2023,1714,1,,,,,,,,,,,
02/02/2023,1715,,,,,,,,,,,,1
10/02/2023,1719,,,1,,,,,,,,,
12/02/2023,1720,,,,,,,,,,,,1
14/02/2023,1721,,,1,,,,,,,,,
15/02/2023,1723,1,,,,,,,,1,,,
15/02/2023,1724,1,,,,,,,,,,,1
18/02/2023,1725,1,,,,,,,,,,,
18/02/2023,1726,1,,,,,,,,,1,,
20/02/2023,1727,,,1,,,,,1,,,,
21/02/2023,1728,1,,,,,,,,,,,
23/02/2023,1730,1,,,,,,,,,,,
25/02/2023,1732,1,,,,,,,,,,,
25/02/2023,1733,1,,1,,,,,,,,,
26/02/2023,1734,,,,,,,,1,,,,
03/03/2023,1735,,,,,,,,1,,,,
04/03/2023,1736,,,,,,,,1,,,,
09/03/2023,1738,,1,,1,,,,,,,,
10/03/2023,1739,,,,,1,,,,,,,
13/03/2023,1740,,,1,,,,,,,,,
16/03/2023,1741,,,,,,,,,,,,1
16/03/2023,1742,,1,,,,,,,,,,
16/03/2023,1743,,,,,,,,,,,,1
17/03/2023,1744,1,,,,,,,,,,,
19/03/2023,1745,1,,,,,,,,,,1,
19/03/2023,1746,,,,,1,,,1,,,,
20/03/2023,1747,,,,,,,1,1,,,,
21/03/2023,1749,1,,,,,,,,,,1,
24/03/2023,1750,,,1,,,,,,,,,
24/03/2023,1751,1,,,,,,,,,,,
24/03/2023,1777,,1,,1,,,,,,,,
25/03/2023,1752,,,1,,,,,,,,,
26/03/2023,1753,1,,,,,,,,,,,1
28/03/2023,1754,,,,,,,,,,,,1
29/03/2023,1755,1,,,,,,,,,,,
31/03/2023,1756,,,,,,,,1,,,,
31/03/2023,1757,,,,,,,,,,,,1
02/04/2023,1758,1,,,,,,,,,,,
06/04/2023,1760,,1,,,,,,,,,,
11/04/2023,1761,,,,,,,,,,,,1
12/04/2023,1762,,,,,,,,,,,,1
15/04/2023,1763,,,,1,,,,1,,,,
16/04/2023,1765,1,,,,,,,,,1,,
19/04/2023,1767,,,,,,,,1,,,,
19/04/2023,1768,,,,,,,,1,,,,
20/04/2023,1769,,,,,,,,1,,,,
20/04/2023,1770,,,,,,,,1,,,,
20/04/2023,1771,1,,,,,,,1,,,,
20/04/2023,1772,1,,,,,,,1,,,,
21/04/2023,1773,1,,,,,,,1,,,,
23/04/2023,1774,,,,,,,,,,,,1
23/04/2023,1775,1,,,,,,,,,,,
23/04/2023,1776,1,,,,,,,,,,,
02/05/2023,1778,,,,,,,,,,,,1
05/05/2023,1779,,,,,,,,,,,,1
05/05/2023,1780,,1,,,,,,,,,,
08/05/2023,1781,,1,,,,,,,,,,
10/05/2023,1782,1,,,,1,,,,,,,
11/05/2023,1783,,,1,,,,,,,,,
11/05/2023,1784,1,,,,,,,,,,,
13/05/2023,1785,,,,,,,,,,,,1
16/05/2023,1786,,,,,,,,,,,,1
17/05/2023,1787,,1,,,,,,,,,,
17/05/2023,1788,1,,,,,,,,,,,
19/05/2023,1789,,,1,,,,,,,,,
19/05/2023,1807,1,,,,,,,1,,,,
20/05/2023,1791,,,1,,,,,,,,,
21/05/2023,1792,,,,,,,,,,,,
22/05/2023,1793,,,1,1,,,,,,,,
23/05/2023,1794,,,,,,,,1,,,,
23/05/2023,1796,1,,,,,,,,,,,1
24/05/2023,1797,1,,,,,,,,,,,
25/05/2023,1798,1,,,1,,,,,,,,
27/05/2023,1799,,,,,,,,1,,,,
02/06/2023,1803,1,,,,,,,,,,,
12/06/2023,1804,,,,,,,,,,,,1
15/06/2023,1805,,,,1,,1,,,,,,
23/06/2023,1809,,,,,,,,,,,,1
24/06/2023,1810,1,,,,,,,,,,,
29/06/2023,1811,,,,,,,,1,,,,
04/07/2023,1812,,,1,,,,,,,,,
06/07/2023,1813,,,1,,,,,,,,,
08/07/2023,1816,,,,,,,,1,,,,
13/07/2023,1817,1,,,,,,,,,,,
14/07/2023,1818,,,1,,,,,,,,,
15/07/2023,1819,,,,,,,,,,,,1
16/07/2023,1820,,,,,,,,,,,,1
29/07/2023,1822,,,1,1,,,,,1,,,
30/07/2023,1823,,,,,,,,1,,,,
31/07/2023,1824,,,,,,,,,,,,
31/07/2023,1825,1,,,,,,,,,,,
11/08/2023,1827,1,,,,,,,,,,,
11/08/2023,1828,1,,,,,,,,,,,1
14/08/2023,1829,1,,,,,,,1,,,,
19/08/2023,1831,,,,,,,,,,,,1
20/08/2023,1832,,,,,,,,,,,,
21/08/2023,1833,1,,,,,,,,1,,,
23/08/2023,1834,1,,,,,,,,,,,
24/08/2023,1835,,1,,,,,,,,,,1
25/08/2023,1836,,,,,,,,,,1,,
27/08/2023,1837,,,,,,,,,,,,1
27/08/2023,1838,,,,,,,,,,,,1
28/08/2023,1839,,,,,,,,,,,,1
29/08/2023,1840,,1,,,,,,,,,,
01/09/2023,1841,,,,,,,,1,,,,
01/09/2023,1842,,,,,,,,1,,,,
02/09/2023,1843,,,,,,,,1,,,1,
03/09/2023,1845,,,1,,,,,,,,,
11/09/2023,1846,,,,,,,,1,,,,
12/09/2023,1848,1,,,,,,,,,,,
12/09/2023,1849,1,,,,,,,,,,,
12/09/2023,1850,1,,,,,,,,1,,,
13/09/2023,1851,,,,,,,,,,,,1
15/09/2023,1853,1,,,,,,,,,,,
19/09/2023,1854,,,1,,,,,,,,,
19/09/2023,1855,,,,,,,,,,,,1
23/09/2023,1856,,,1,,,,,,,,,
27/09/2023,1857,1,,,,,,,,,,,
27/09/2023,1858,,,1,,,,,,,,,
28/09/2023,1859,,,,,,,,1,,1,,
01/10/2023,1860,1,,,,,,,,,,,
02/10/2023,1861,1,,,,,,,,,,,
02/10/2023,1862,1,,,,,,,,,,,1
02/10/2023,1863,,,,,,,,1,1,,,
03/10/2023,1864,1,,,,,,,,,,,
04/10/2023,1866,,,,,,,,,1,,,
06/10/2023,1867,1,,,,,,,,,,,
06/10/2023,1868,1,,,,,,,,1,,,1
09/10/2023,1869,1,,,,,,,,,,,
09/10/2023,1871,1,,,,,,,,1,,,
10/10/2023,1872,1,,,,,,,,,,,
15/10/2023,1875,1,,,,,,,,,,,
15/10/2023,1876,1,,,,,,,,,,,
15/10/2023,1877,1,,,,,,,,,,,
16/10/2023,1878,1,,,,,,,,,,,
17/10/2023,1879,,1,,,,,,,,,,
18/10/2023,1880,1,,,,,,,,,,,
19/10/2023,1881,,,,,,,,1,,,1,
21/10/2023,1882,1,,,,,,,,,,,
21/10/2023,1883,1,,,,,,,,1,,,
23/10/2023,1884,,,,,,,,1,,,1,
24/10/2023,1885,,1,,,,,,,,,,
27/10/2023,1888,1,,,,,,,,,,,
27/10/2023,1889,,,,,,,,,,,,1
28/10/2023,1890,1,,,,,,,,,,,
29/10/2023,1891,,,,,,,,1,,,,
31/10/2023,1893,,,,,,,,1,,,,
31/10/2023,1894,,,1,,,,,,,,,1
01/11/2023,1895,,,,,,,,1,,,,
02/11/2023,1896,1,,,,,,,,1,1,,
03/11/2023,1897,1,,,,1,,,1,,,,
05/11/2023,1898,1,,,,,,,,,,,
05/11/2023,1899,,,,,1,,1,1,,,,
07/11/2023,1900,,,,,,,,1,,,,
08/11/2023,1901,1,,,,,,,,,,,
10/11/2023,1902,,,,,,,,,,,,1
10/11/2023,1903,1,,,,,,,,,,,
16/11/2023,1908,1,,,,,,,,1,,,
18/11/2023,1909,,,,,,,,,,,,1
18/11/2023,1910,,,,,,,,,,,,1
20/11/2023,1911,,,,,,,,1,,,,
20/11/2023,1912,1,,,,,,,1,,,,
27/11/2023,1915,,,,,,,,,,,,
27/11/2023,1916,1,,,,,,,,,,,
27/11/2023,1917,1,,,,,,1,,,,,1
28/11/2023,1919,1,,,,,,,1,,,,
01/12/2023,1920,1,,1,,,,,,,,,
05/12/2023,1921,,,,,,,,1,,,,
06/12/2023,1922,,,,1,,1,,,,,,
07/12/2023,1923,,1,,,,,,,,,,
10/12/2023,1925,,,1,,,,,,,,,
11/12/2023,1926,,,1,,,,,1,,,,
14/12/2023,1927,,1,,1,,,,,,,,
18/12/2023,1929,1,,,,,,,,,,,
29/12/2023,1930,1,,,,,,,,,,,
01/01/2024,1931,,1,,,,,,,,,,
02/01/2024,1933,1,,,,,,1,,1,,,
03/01/2024,1934,,,,,,,,1,,,,
04/01/2024,1935,1,,,,,,,,,,,
06/01/2024,1936,,,,,,,1,1,,,,
12/01/2024,1940,1,,,,,,,,,,,
14/01/2024,1941,1,,,,,,,,,,,
15/01/2024,1942,1,,1,,,,,,,,,
16/01/2024,1944,,,,,,,,1,,,1,
18/01/2024,1945,,1,,,,,,,1,,,
19/01/2024,1946,,,,,,,,,,,,1
21/01/2024,1950,1,,,,,,,,,,,1
25/01/2024,1952,,,,,,,,1,,,,
25/01/2024,1953,1,,,,,,,,1,,,
25/01/2024,1954,1,,,,,,,1,1,,,
31/01/2024,1957,1,,,,,,,,,,,1
06/02/2024,1958,1,,,,,,,1,,,,
08/02/2024,1959,,,1,,,,,1,,,,
09/02/2024,1960,1,,,,,,1,,1,,,
10/02/2024,1962,,,,,,,,,,,,1
14/02/2024,1964,,,,,,,1,1,,,,
14/02/2024,1965,1,,1,,,,,1,,,,
18/02/2024,1966,1,,,,,,,,,,,
20/02/2024,1968,1,,,,,,,,,,,
21/02/2024,1969,,,,,,,,1,,,,
21/02/2024,1970,1,,,,,,,1,1,,,
24/02/2024,1971,1,,,,,,,,,,,
24/02/2024,1972,1,,,,,,,,,,,
28/02/2024,1975,1,,,,,,,,,,,
28/02/2024,1976,1,,,,,,1,,,,,
29/02/2024,1977,,1,,,,,,,,,,
06/03/2024,1979,,1,,,,,,,,,,
07/03/2024,1980,,,1,,,,,,,,,
07/03/2024,1981,1,,,,,,,,,,,
07/03/2024,1982,1,,,,,,,,,,,
08/03/2024,1983,1,,1,,,,,,,,,
10/03/2024,1985,,1,,,,,,,,,,
14/03/2024,1987,1,,,,,,,,,,,
17/03/2024,1989,1,,,,,,,,,,,
23/03/2024,1992,,,,,,,,,,,,
27/03/2024,1993,,,,,1,,1,1,,,,
29/03/2024,1995,,,,,,,1,,,,,
30/03/2024,1996,,1,,,,,,,,,,
01/04/2024,1997,,,,,,,,1,,,,
01/04/2024,1998,1,,,,,,,,,,,
01/04/2024,1999,1,,,,,,,,1,,,
03/04/2024,2000,,,,,,,,1,,,,
04/04/2024,2001,,,,,,,,1,,,,
05/04/2024,2002,,,,,,,,1,,,,
05/04/2024,2003,,1,,,,,,,,,,
11/04/2024,2006,,1,,,,,,,,,,
14/04/2024,2008,1,,,,,,,1,,,,
15/04/2024,2009,1,,,,,,,1,,,,
21/04/2024,2011,,,,,,,,1,,,,
26/04/2024,2014,1,,,,,,,1,,,,
27/04/2024,2015,,,,,,,,,,,,1
30/04/2024,2016,,,1,,,,,,,,,
30/04/2024,2017,1,,1,,,,,,,,,
03/05/2024,2019,1,,1,,,,,,,,,
04/05/2024,2020,1,,,,,,,,,,,
06/05/2024,2021,1,,1,,,,,,,,,
09/05/2024,2023,1,,,1,,1,,,,,,
10/05/2024,2024,,1,,,,,,,,,,
10/05/2024,2025,,,,,,,,,,,,1
11/05/2024,2026,1,,,,,,,,,,,
12/05/2024,2027,1,,,,,,,1,,,,
16/05/2024,2028,1,,,,,,,,,,,1
16/05/2024,2029,1,,,,,,,,1,,,
26/05/2024,2031,1,,,,,,,,,,1,
02/06/2024,2032,,,,,,,,1,,,,
05/06/2024,2034,1,,,,,,,,,,,
05/06/2024,2036,,,,1,,,,1,,,,1
13/06/2024,2037,1,,,,,,1,,,,,
15/06/2024,2038,,,1,,,,,,,,,
16/06/2024,2039,1,,,,,,,,,,,
23/06/2024,2040,1,,1,,,,,,,,,
28/06/2024,2044,,,,,,,,,,,,1
04/07/2024,2045,,1,,,,,,,,,1,
07/07/2024,2046,1,,,,,,,1,,,,
14/07/2024,2049,,,,,,,,1,,,,
16/07/2024,2050,1,,,,,,,1,,,,
17/07/2024,2051,1,,,,,,,,,,,
17/07/2024,2052,,1,,,,,,1,,,,
17/07/2024,2053,1,,,,,,1,,,,,
31/07/2024,2054,1,,,,,,,,,,,
03/08/2024,2055,1,,,,,,,,,,,
06/08/2024,2056,1,,,,,,,,,,,1
10/08/2024,2057,1,,,,,,,,1,,,
16/08/2024,2058,1,,,,,,,,,,,1
18/08/2024,2059,,,1,,,,,1,,,,
19/08/2024,2060,1,,,,,,,1,,,,
22/08/2024,2062,1,,,,,,,,,,,
24/08/2024,2063,,,1,,,,,,,,,
04/09/2024,2069,,,,,,,,,,,,1
09/09/2024,2071,1,,,,,,,,,,,1
10/09/2024,2072,1,,,,,,,,,,,
11/09/2024,2073,1,,,,,,,,1,,,
18/09/2024,2078,,,1,,,,,1,,,,
29/09/2024,2081,,,1,,,,,,,,,
02/10/2024,2083,,,1,,,,,,,,,1
07/10/2024,2084,1,,,,,,,,1,,,
11/10/2024,2085,,,,,,,,1,,,,
11/10/2024,2086,,,,,,,,,,,,1
18/10/2024,2088,1,,,,,,,,,,1,
24/10/2024,2090,,,,,,,,1,,,1,
25/10/2024,2091,,,,,,,,,,,,1
25/10/2024,2092,,,,,,,,1,,,,
25/10/2024,2093,,,,,,,,,,,,1
29/10/2024,2095,1,,,,,,,,,,,
07/11/2024,2098,1,,,,,,,,,,,
08/11/2024,2099,1,,1,,,,,,,,,
08/11/2024,2100,1,,,,,,,,1,,,
09/11/2024,2101,1,,1,,,,,,,,,
10/11/2024,2102,,,,,,,,,,,,1
21/11/2024,2106,1,,,,,,,,,,,
25/11/2024,2107,,,,,,,,,,,,1
30/11/2024,2109,,1,,,,,,,,,,
02/12/2024,2111,1,,1,,,,,,,,,
07/12/2024,2113,,,,,,,,1,,,,
08/12/2024,2114,1,,,,,,,,,,,
10/12/2024,2115,1,,,,,,,,1,,,
16/12/2024,2117,1,,,,,,,,,,,
17/12/2024,2118,1,,,,,,1,,,,,
19/12/2024,2120,,1,,,,,,,,,,
